case_id,side,manual_path,heuristic_path,shape_z,shape_y,shape_x,affine_match,tp,fp,fn,manual_voxels,heuristic_voxels,dice,iou,precision,recall,abs_volume_diff_vox,rel_volume_diff
s0006,left,.data/SlicerScenes/s0006/femur_left.nii.gz-Necro_L-label.nii.gz,.data/Totalsegmentator_dataset/s0006/label_femoral_head_left.nii.gz,216,216,217,1,13122.0,3056.0,15.0,13137.0,16178.0,0.8952413440218319,0.8103501512999444,0.8111014958585734,0.9988581868006394,3041.0,0.2314835959503692
s0006,right,.data/SlicerScenes/s0006/femur_right.nii.gz-Necro_R-label.nii.gz,.data/Totalsegmentator_dataset/s0006/label_femoral_head_right.nii.gz,216,216,217,1,11298.0,5066.0,0.0,11298.0,16364.0,0.816860675294628,0.6904179907113175,0.6904179907113175,1.0,5066.0,0.4483979465392105
s0010,left,.data/SlicerScenes/s0010/femur_left.nii.gz-Necro_L-label.nii.gz,.data/Totalsegmentator_dataset/s0010/label_femoral_head_left.nii.gz,259,259,283,1,11842.0,778.0,1424.0,13266.0,12620.0,0.9149347137448814,0.8432070635146682,0.938351822503962,0.8926579225086688,646.0,0.04869591436755616
s0010,right,.data/SlicerScenes/s0010/femur_right.nii.gz-Necro_R-label.nii.gz,.data/Totalsegmentator_dataset/s0010/label_femoral_head_right.nii.gz,259,259,283,1,12696.0,144.0,977.0,13673.0,12840.0,0.9577188549013691,0.9188680610841716,0.9887850467289719,0.9285453082717765,833.0,0.06092298690850582
s0011,left,.data/SlicerScenes/s0011/femur_left.nii.gz-Necro_L-label.nii.gz,.data/Totalsegmentator_dataset/s0011/label_femoral_head_left.nii.gz,311,311,431,1,14420.0,1.0,1947.0,16367.0,14421.0,0.9367285955567104,0.8809872922776149,0.9999306566812287,0.881041119325472,1946.0,0.11889778212256369
s0011,right,.data/SlicerScenes/s0011/femur_right.nii.gz-Necro_R-label.nii.gz,.data/Totalsegmentator_dataset/s0011/label_femoral_head_right.nii.gz,311,311,431,1,14290.0,0.0,2381.0,16671.0,14290.0,0.9230967991989922,0.8571771339451743,1.0,0.8571771339451743,2381.0,0.14282286605482575
s0012,left,.data/SlicerScenes/s0012/femur_left.nii.gz-Necro_L-label.nii.gz,.data/Totalsegmentator_dataset/s0012/label_femoral_head_left.nii.gz,238,145,315,1,9944.0,15.0,1299.0,11243.0,9959.0,0.9380247146495614,0.8832829987564399,0.9984938246811929,0.8844614426754425,1284.0,0.11420439384505915
s0012,right,.data/SlicerScenes/s0012/femur_right.nii.gz-Necro_R-label.nii.gz,.data/Totalsegmentator_dataset/s0012/label_femoral_head_right.nii.gz,238,145,315,1,9492.0,0.0,2673.0,12165.0,9492.0,0.8765757030059566,0.7802712700369914,1.0,0.7802712700369914,2673.0,0.21972872996300863
s0013,left,.data/SlicerScenes/s0013/femur_left.nii.gz-Necro_L-label.nii.gz,.data/Totalsegmentator_dataset/s0013/label_femoral_head_left.nii.gz,231,175,301,1,17000.0,496.0,163.0,17163.0,17496.0,0.980986179635881,0.9626819185684353,0.9716506630086877,0.9905028258462972,333.0,0.019402202412165705
s0013,right,.data/SlicerScenes/s0013/femur_right.nii.gz-Necro_R-label.nii.gz,.data/Totalsegmentator_dataset/s0013/label_femoral_head_right.nii.gz,231,175,301,1,15725.0,169.0,2065.0,17790.0,15894.0,0.9336777104856905,0.875605545965811,0.9893670567509752,0.8839235525576167,1896.0,0.10657672849915684
s0014,left,.data/SlicerScenes/s0014/femur_left.nii.gz-Necro_L-label.nii.gz,.data/Totalsegmentator_dataset/s0014/label_femoral_head_left.nii.gz,286,286,308,1,9760.0,1.0,1968.0,11728.0,9761.0,0.9083717250686397,0.832125500895217,0.9998975514803811,0.8321964529331515,1967.0,0.16771828103683492
s0014,right,.data/SlicerScenes/s0014/femur_right.nii.gz-Necro_R-label.nii.gz,.data/Totalsegmentator_dataset/s0014/label_femoral_head_right.nii.gz,286,286,308,1,9466.0,1.0,1985.0,11451.0,9467.0,0.9050578449182523,0.8265805099545931,0.9998943699165522,0.8266526940878526,1984.0,0.17325997729455941
s0015,left,.data/SlicerScenes/s0015/femur_left.nii.gz-Necro_L-label.nii.gz,.data/Totalsegmentator_dataset/s0015/label_femoral_head_left.nii.gz,293,293,344,1,15269.0,122.0,861.0,16130.0,15391.0,0.9688144411662066,0.9395151365985724,0.9920732895848223,0.9466212027278363,739.0,0.0458152510849349
s0015,right,.data/SlicerScenes/s0015/femur_right.nii.gz-Necro_R-label.nii.gz,.data/Totalsegmentator_dataset/s0015/label_femoral_head_right.nii.gz,293,293,344,1,14478.0,67.0,2033.0,16511.0,14545.0,0.9323802163833076,0.8733260948244662,0.9953936060501891,0.8768699654775605,1966.0,0.11907213372902913
s0016,left,.data/SlicerScenes/s0016/femur_left.nii.gz-Necro_L-label.nii.gz,.data/Totalsegmentator_dataset/s0016/label_femoral_head_left.nii.gz,259,259,294,1,14573.0,938.0,481.0,15054.0,15511.0,0.9535743497464421,0.9112681340670336,0.9395267874411708,0.968048359240069,457.0,0.03035738009831274
s0016,right,.data/SlicerScenes/s0016/femur_right.nii.gz-Necro_R-label.nii.gz,.data/Totalsegmentator_dataset/s0016/label_femoral_head_right.nii.gz,259,259,294,1,14920.0,1.0,1542.0,16462.0,14921.0,0.9508332536723704,0.9062746765474093,0.9999329803632464,0.9063297290730167,1541.0,0.09360952496658972
s0022,left,.data/SlicerScenes/s0022/femur_left.nii.gz-Necro_L-label.nii.gz,.data/Totalsegmentator_dataset/s0022/label_femoral_head_left.nii.gz,295,295,250,1,16640.0,1606.0,169.0,16809.0,18246.0,0.9493652831265155,0.9036111865327179,0.9119807081004055,0.9899458623356535,1437.0,0.08548991611636624
s0022,right,.data/SlicerScenes/s0022/femur_right.nii.gz-Necro_R-label.nii.gz,.data/Totalsegmentator_dataset/s0022/label_femoral_head_right.nii.gz,295,295,250,1,15612.0,2665.0,30.0,15642.0,18277.0,0.9205460066629323,0.8527885508275523,0.854188324123215,0.9980820866896817,2635.0,0.16845671908963047
s0024,left,.data/SlicerScenes/s0024/femur_left.nii.gz-Necro_L-label.nii.gz,.data/Totalsegmentator_dataset/s0024/label_femoral_head_left.nii.gz,287,287,486,1,8841.0,5.0,10829.0,19670.0,8846.0,0.6200729415065227,0.4493519695044473,0.999434772778657,0.4494661921708185,10824.0,0.5502796136248094
s0024,right,.data/SlicerScenes/s0024/femur_right.nii.gz-Necro_R-label.nii.gz,.data/Totalsegmentator_dataset/s0024/label_femoral_head_right.nii.gz,287,287,486,1,6556.0,3.0,12170.0,18726.0,6559.0,0.5185683211390152,0.35004538416359654,0.9995426132032322,0.3501014632062373,12167.0,0.6497383317312827
s0028,left,.data/SlicerScenes/s0028/femur_left.nii.gz-Necro_L-label.nii.gz,.data/Totalsegmentator_dataset/s0028/label_femoral_head_left.nii.gz,299,299,394,1,7822.0,0.0,2002.0,9824.0,7822.0,0.8865465261249008,0.7962133550488599,1.0,0.7962133550488599,2002.0,0.20378664495114007
s0028,right,.data/SlicerScenes/s0028/femur_right.nii.gz-Necro_R-label.nii.gz,.data/Totalsegmentator_dataset/s0028/label_femoral_head_right.nii.gz,299,299,394,1,6869.0,0.0,2418.0,9287.0,6869.0,0.8503342411487992,0.7396360503930225,1.0,0.7396360503930225,2418.0,0.2603639496069775
s0030,left,.data/SlicerScenes/s0030/femur_left.nii.gz-Necro_L-label.nii.gz,.data/Totalsegmentator_dataset/s0030/label_femoral_head_left.nii.gz,309,309,317,1,11909.0,191.0,1392.0,13301.0,12100.0,0.9376796189126413,0.8826712125704121,0.9842148760330579,0.895346214570333,1201.0,0.09029396285993534
s0030,right,.data/SlicerScenes/s0030/femur_right.nii.gz-Necro_R-label.nii.gz,.data/Totalsegmentator_dataset/s0030/label_femoral_head_right.nii.gz,309,309,317,1,11477.0,46.0,2059.0,13536.0,11523.0,0.9159982441438206,0.8450154616404064,0.9960079840319361,0.8478871158392435,2013.0,0.1487145390070922
s0031,left,.data/SlicerScenes/s0031/femur_left.nii.gz-Necro_L-label.nii.gz,.data/Totalsegmentator_dataset/s0031/label_femoral_head_left.nii.gz,288,288,280,1,13584.0,157.0,1012.0,14596.0,13741.0,0.958746515156862,0.9207618789398766,0.988574339567717,0.9306659358728419,855.0,0.05857769251849822
s0031,right,.data/SlicerScenes/s0031/femur_right.nii.gz-Necro_R-label.nii.gz,.data/Totalsegmentator_dataset/s0031/label_femoral_head_right.nii.gz,288,288,280,1,13167.0,734.0,997.0,14164.0,13901.0,0.9383217530732229,0.8838099073701168,0.9471980433062369,0.929610279582039,263.0,0.01856820107314318
s0038,left,.data/SlicerScenes/s0038/femur_left.nii.gz-Necro_L-label.nii.gz,.data/Totalsegmentator_dataset/s0038/label_femoral_head_left.nii.gz,240,240,333,1,9259.0,541.0,1062.0,10321.0,9800.0,0.9203319914517171,0.8524212852145093,0.9447959183673469,0.8971029938959403,521.0,0.05047960468946808
s0038,right,.data/SlicerScenes/s0038/femur_right.nii.gz-Necro_R-label.nii.gz,.data/Totalsegmentator_dataset/s0038/label_femoral_head_right.nii.gz,240,240,333,1,10452.0,79.0,923.0,11375.0,10531.0,0.9542591070939469,0.9125196437925616,0.9924983382394834,0.9188571428571428,844.0,0.0741978021978022
s0040,left,.data/SlicerScenes/s0040/femur_left.nii.gz-Necro_L-label.nii.gz,.data/Totalsegmentator_dataset/s0040/label_femoral_head_left.nii.gz,291,291,421,1,11453.0,0.0,3770.0,15223.0,11453.0,0.8586744639376218,0.7523484201537147,1.0,0.7523484201537147,3770.0,0.24765157984628522
s0040,right,.data/SlicerScenes/s0040/femur_right.nii.gz-Necro_R-label.nii.gz,.data/Totalsegmentator_dataset/s0040/label_femoral_head_right.nii.gz,291,291,421,1,11018.0,0.0,2892.0,13910.0,11018.0,0.8839858793324775,0.7920920201294033,1.0,0.7920920201294033,2892.0,0.2079079798705967
s0042,left,.data/SlicerScenes/s0042/femur_left.nii.gz-Necro_L-label.nii.gz,.data/Totalsegmentator_dataset/s0042/label_femoral_head_left.nii.gz,285,285,332,1,15044.0,257.0,1559.0,16603.0,15301.0,0.9430792377131394,0.8922894424673784,0.9832037121756748,0.9061013069927122,1302.0,0.07841956272962718
s0042,right,.data/SlicerScenes/s0042/femur_right.nii.gz-Necro_R-label.nii.gz,.data/Totalsegmentator_dataset/s0042/label_femoral_head_right.nii.gz,285,285,332,1,15796.0,100.0,1589.0,17385.0,15896.0,0.9492503230071212,0.9034029167858164,0.9937091092098641,0.9085993672706356,1489.0,0.08564854759850446
s0045,left,.data/SlicerScenes/s0045/femur_left.nii.gz-Necro_L-label.nii.gz,.data/Totalsegmentator_dataset/s0045/label_femoral_head_left.nii.gz,231,231,306,1,13650.0,692.0,592.0,14242.0,14342.0,0.9550797649034425,0.9140216954600241,0.9517501045879235,0.9584328043814071,100.0,0.007021485746383935
s0045,right,.data/SlicerScenes/s0045/femur_right.nii.gz-Necro_R-label.nii.gz,.data/Totalsegmentator_dataset/s0045/label_femoral_head_right.nii.gz,231,231,306,1,13563.0,352.0,1053.0,14616.0,13915.0,0.9507553187760681,0.9061330839123464,0.974703557312253,0.9279556650246306,701.0,0.04796113847837986
s0050,left,.data/SlicerScenes/s0050/femur_left.nii.gz-Necro_L-label.nii.gz,.data/Totalsegmentator_dataset/s0050/label_femoral_head_left.nii.gz,261,182,399,1,16228.0,1558.0,397.0,16625.0,17786.0,0.9431867716718492,0.8924819886707364,0.9124030136062071,0.9761203007518797,1161.0,0.06983458646616542
s0050,right,.data/SlicerScenes/s0050/femur_right.nii.gz-Necro_R-label.nii.gz,.data/Totalsegmentator_dataset/s0050/label_femoral_head_right.nii.gz,261,182,399,1,14993.0,0.0,3172.0,18165.0,14993.0,0.9043368116291695,0.8253784750894577,1.0,0.8253784750894577,3172.0,0.17462152491054225
s0052,left,.data/SlicerScenes/s0052/femur_left.nii.gz-Necro_L-label.nii.gz,.data/Totalsegmentator_dataset/s0052/label_femoral_head_left.nii.gz,249,249,294,1,16734.0,1853.0,142.0,16876.0,18587.0,0.9437441840791811,0.893480698382188,0.9003066659493194,0.9915856838113297,1711.0,0.10138658449869638
s0052,right,.data/SlicerScenes/s0052/femur_right.nii.gz-Necro_R-label.nii.gz,.data/Totalsegmentator_dataset/s0052/label_femoral_head_right.nii.gz,249,249,294,1,18311.0,0.0,2651.0,20962.0,18311.0,0.932498153948005,0.873533059822536,1.0,0.873533059822536,2651.0,0.126466940177464
s0053,left,.data/SlicerScenes/s0053/femur_left.nii.gz-Necro_L-label.nii.gz,.data/Totalsegmentator_dataset/s0053/label_femoral_head_left.nii.gz,333,333,346,1,17002.0,446.0,907.0,17909.0,17448.0,0.961733178719914,0.9262871152274584,0.974438331040807,0.9493550728683902,461.0,0.025741247417499582
s0053,right,.data/SlicerScenes/s0053/femur_right.nii.gz-Necro_R-label.nii.gz,.data/Totalsegmentator_dataset/s0053/label_femoral_head_right.nii.gz,333,333,346,1,14480.0,452.0,1556.0,16036.0,14932.0,0.9351588736760527,0.8782144590004852,0.9697294401285829,0.9029683212771265,1104.0,0.0688450985283113
s0054,left,.data/SlicerScenes/s0054/femur_left.nii.gz-Necro_L-label.nii.gz,.data/Totalsegmentator_dataset/s0054/label_femoral_head_left.nii.gz,261,261,273,1,8071.0,69.0,570.0,8641.0,8140.0,0.9619212204278649,0.9266360505166475,0.9915233415233415,0.9340354125679898,501.0,0.05797940053234579
s0054,right,.data/SlicerScenes/s0054/femur_right.nii.gz-Necro_R-label.nii.gz,.data/Totalsegmentator_dataset/s0054/label_femoral_head_right.nii.gz,261,261,273,1,7260.0,77.0,506.0,7766.0,7337.0,0.9613983976693372,0.9256661991584852,0.9895052473763118,0.9348441926345609,429.0,0.05524079320113314
s0059,left,.data/SlicerScenes/s0059/femur_left.nii.gz-Necro_L-label.nii.gz,.data/Totalsegmentator_dataset/s0059/label_femoral_head_left.nii.gz,233,233,449,1,12089.0,0.0,1552.0,13641.0,12089.0,0.9396813058686359,0.8862253500476505,1.0,0.8862253500476505,1552.0,0.11377464995234954
s0059,right,.data/SlicerScenes/s0059/femur_right.nii.gz-Necro_R-label.nii.gz,.data/Totalsegmentator_dataset/s0059/label_femoral_head_right.nii.gz,233,233,449,1,10694.0,0.0,2600.0,13294.0,10694.0,0.8916124729031182,0.8044230479915752,1.0,0.8044230479915752,2600.0,0.19557695200842484
s0065,left,.data/SlicerScenes/s0065/femur_left.nii.gz-Necro_L-label.nii.gz,.data/Totalsegmentator_dataset/s0065/label_femoral_head_left.nii.gz,243,243,409,1,12282.0,10.0,1765.0,14047.0,12292.0,0.9326094384752648,0.8737283915486946,0.9991864627399935,0.8743503951021571,1755.0,0.12493770911938493
s0065,right,.data/SlicerScenes/s0065/femur_right.nii.gz-Necro_R-label.nii.gz,.data/Totalsegmentator_dataset/s0065/label_femoral_head_right.nii.gz,243,243,409,1,12283.0,9.0,1962.0,14245.0,12292.0,0.9257263443493989,0.8617230251157569,0.9992678164659942,0.8622674622674623,1953.0,0.1371007371007371
s0072,left,.data/SlicerScenes/s0072/femur_left.nii.gz-Necro_L-label.nii.gz,.data/Totalsegmentator_dataset/s0072/label_femoral_head_left.nii.gz,286,286,269,1,12480.0,886.0,397.0,12877.0,13366.0,0.9511107723964486,0.9067790452662937,0.9337124046087086,0.9691698376951153,489.0,0.0379746835443038
s0072,right,.data/SlicerScenes/s0072/femur_right.nii.gz-Necro_R-label.nii.gz,.data/Totalsegmentator_dataset/s0072/label_femoral_head_right.nii.gz,286,286,269,1,13307.0,487.0,440.0,13747.0,13794.0,0.966341091463636,0.9348742447660531,0.9646947948383355,0.9679930166581799,47.0,0.003418927766058049
s0073,left,.data/SlicerScenes/s0073/femur_left.nii.gz-Necro_L-label.nii.gz,.data/Totalsegmentator_dataset/s0073/label_femoral_head_left.nii.gz,247,245,265,1,18158.0,5545.0,13.0,18171.0,23703.0,0.8672684720829155,0.7656434474616293,0.7660633675062228,0.9992845743217215,5532.0,0.30444114247977544
s0073,right,.data/SlicerScenes/s0073/femur_right.nii.gz-Necro_R-label.nii.gz,.data/Totalsegmentator_dataset/s0073/label_femoral_head_right.nii.gz,247,245,265,1,18803.0,3880.0,64.0,18867.0,22683.0,0.905078219013237,0.826614498615202,0.8289467883436935,0.9966078337838554,3816.0,0.20225791063762125
s0074,left,.data/SlicerScenes/s0074/femur_left.nii.gz-Necro_L-label.nii.gz,.data/Totalsegmentator_dataset/s0074/label_femoral_head_left.nii.gz,251,192,180,1,11025.0,20.0,1161.0,12186.0,11045.0,0.9491627566613576,0.9032443060789775,0.9981892258940697,0.9047267355982275,1141.0,0.0936320367634991
s0074,right,.data/SlicerScenes/s0074/femur_right.nii.gz-Necro_R-label.nii.gz,.data/Totalsegmentator_dataset/s0074/label_femoral_head_right.nii.gz,251,192,180,1,9643.0,167.0,508.0,10151.0,9810.0,0.966184058914884,0.9345803450281063,0.9829765545361876,0.9499556693921781,341.0,0.033592749482809575
s0075,left,.data/SlicerScenes/s0075/femur_left.nii.gz-Necro_L-label.nii.gz,.data/Totalsegmentator_dataset/s0075/label_femoral_head_left.nii.gz,220,363,317,1,240.0,0.0,13891.0,14131.0,240.0,0.03340059842738849,0.0169839360271743,1.0,0.0169839360271743,13891.0,0.9830160639728257
s0075,right,.data/SlicerScenes/s0075/femur_right.nii.gz-Necro_R-label.nii.gz,.data/Totalsegmentator_dataset/s0075/label_femoral_head_right.nii.gz,220,363,317,1,11192.0,0.0,2155.0,13347.0,11192.0,0.9121806104568239,0.8385404959916086,1.0,0.8385404959916086,2155.0,0.1614595040083914
s0077,left,.data/SlicerScenes/s0077/femur_left.nii.gz-Necro_L-label.nii.gz,.data/Totalsegmentator_dataset/s0077/label_femoral_head_left.nii.gz,255,255,272,1,11598.0,702.0,353.0,11951.0,12300.0,0.9564966393138428,0.916620564293053,0.9429268292682926,0.9704627227847042,349.0,0.02920257719019329
s0077,right,.data/SlicerScenes/s0077/femur_right.nii.gz-Necro_R-label.nii.gz,.data/Totalsegmentator_dataset/s0077/label_femoral_head_right.nii.gz,255,255,272,1,9080.0,139.0,3191.0,12271.0,9219.0,0.8450442066077245,0.7316680096696213,0.9849224427812127,0.7399559938065358,3052.0,0.24871648602395893
s0078,left,.data/SlicerScenes/s0078/femur_left.nii.gz-Necro_L-label.nii.gz,.data/Totalsegmentator_dataset/s0078/label_femoral_head_left.nii.gz,271,271,266,1,13647.0,176.0,1082.0,14729.0,13823.0,0.9559400392266741,0.9155987923515598,0.9872675974824567,0.9265394799375382,906.0,0.06151130422975083
s0078,right,.data/SlicerScenes/s0078/femur_right.nii.gz-Necro_R-label.nii.gz,.data/Totalsegmentator_dataset/s0078/label_femoral_head_right.nii.gz,271,271,266,1,13974.0,174.0,2323.0,16297.0,14148.0,0.9179832484808671,0.8484002185659644,0.9877014418999152,0.8574584279315212,2149.0,0.131864760385347
s0082,left,.data/SlicerScenes/s0082/femur_left.nii.gz-Necro_L-label.nii.gz,.data/Totalsegmentator_dataset/s0082/label_femoral_head_left.nii.gz,260,205,311,1,10883.0,28.0,3583.0,14466.0,10911.0,0.857705796587461,0.7508624258313785,0.9974337824214096,0.7523157749205033,3555.0,0.24574865201161344
s0082,right,.data/SlicerScenes/s0082/femur_right.nii.gz-Necro_R-label.nii.gz,.data/Totalsegmentator_dataset/s0082/label_femoral_head_right.nii.gz,260,205,311,1,10616.0,127.0,1062.0,11678.0,10743.0,0.9469693590830025,0.8992799661160525,0.9881783486921717,0.9090597705086487,935.0,0.08006507963692414
s0086,left,.data/SlicerScenes/s0086/femur_left.nii.gz-Necro_L-label.nii.gz,.data/Totalsegmentator_dataset/s0086/label_femoral_head_left.nii.gz,273,430,430,1,16935.0,0.0,3164.0,20099.0,16935.0,0.914564994329535,0.8425792327976517,1.0,0.8425792327976517,3164.0,0.15742076720234838
s0086,right,.data/SlicerScenes/s0086/femur_right.nii.gz-Necro_R-label.nii.gz,.data/Totalsegmentator_dataset/s0086/label_femoral_head_right.nii.gz,273,430,430,1,13237.0,10.0,2055.0,15292.0,13247.0,0.9276428746627422,0.8650503202195792,0.999245112100853,0.8656160083703898,2045.0,0.1337300549306827
s0089,left,.data/SlicerScenes/s0089/femur_left.nii.gz-Necro_L-label.nii.gz,.data/Totalsegmentator_dataset/s0089/label_femoral_head_left.nii.gz,221,221,263,1,7962.0,7.0,1330.0,9292.0,7969.0,0.9225421470366723,0.8562210990429079,0.9991215961852177,0.8568661213947482,1323.0,0.1423805424020663
s0089,right,.data/SlicerScenes/s0089/femur_right.nii.gz-Necro_R-label.nii.gz,.data/Totalsegmentator_dataset/s0089/label_femoral_head_right.nii.gz,221,221,263,1,8551.0,85.0,890.0,9441.0,8636.0,0.9460640593018753,0.8976485408356079,0.9901574803149606,0.9057303251774177,805.0,0.08526639127211101
s0091,left,.data/SlicerScenes/s0091/femur_left.nii.gz-Necro_L-label.nii.gz,.data/Totalsegmentator_dataset/s0091/label_femoral_head_left.nii.gz,312,312,437,1,16532.0,0.0,3492.0,20024.0,16532.0,0.9044753255279571,0.8256092688773472,1.0,0.8256092688773472,3492.0,0.17439073112265283
s0091,right,.data/SlicerScenes/s0091/femur_right.nii.gz-Necro_R-label.nii.gz,.data/Totalsegmentator_dataset/s0091/label_femoral_head_right.nii.gz,312,312,437,1,19027.0,134.0,1706.0,20733.0,19161.0,0.9538777761066827,0.9118224948483251,0.9930066280465529,0.9177157189022331,1572.0,0.07582115468094343
s0092,left,.data/SlicerScenes/s0092/femur_left.nii.gz-Necro_L-label.nii.gz,.data/Totalsegmentator_dataset/s0092/label_femoral_head_left.nii.gz,243,167,203,1,11275.0,13169.0,0.0,11275.0,24444.0,0.6313166662000615,0.4612583865161185,0.4612583865161185,1.0,13169.0,1.1679822616407982
s0092,right,.data/SlicerScenes/s0092/femur_right.nii.gz-Necro_R-label.nii.gz,.data/Totalsegmentator_dataset/s0092/label_femoral_head_right.nii.gz,243,167,203,1,10419.0,14683.0,0.0,10419.0,25102.0,0.5866388896708989,0.4150665285634611,0.4150665285634611,1.0,14683.0,1.4092523274786448
s0096,left,.data/SlicerScenes/s0096/femur_left.nii.gz-Necro_L-label.nii.gz,.data/Totalsegmentator_dataset/s0096/label_femoral_head_left.nii.gz,259,259,310,1,15798.0,363.0,715.0,16513.0,16161.0,0.9670074065005815,0.9361223038634747,0.9775385186560238,0.9567007812026888,352.0,0.021316538484830134
s0096,right,.data/SlicerScenes/s0096/femur_right.nii.gz-Necro_R-label.nii.gz,.data/Totalsegmentator_dataset/s0096/label_femoral_head_right.nii.gz,259,259,310,1,15598.0,35.0,2166.0,17764.0,15633.0,0.9340958768751684,0.8763413674925558,0.997761146293098,0.8780680027020942,2131.0,0.11996172033325828
s0098,left,.data/SlicerScenes/s0098/femur_left.nii.gz-Necro_L-label.nii.gz,.data/Totalsegmentator_dataset/s0098/label_femoral_head_left.nii.gz,231,170,231,1,13555.0,4487.0,0.0,13555.0,18042.0,0.8579928474222236,0.7513025163507372,0.7513025163507372,1.0,4487.0,0.33102176318701587
s0098,right,.data/SlicerScenes/s0098/femur_right.nii.gz-Necro_R-label.nii.gz,.data/Totalsegmentator_dataset/s0098/label_femoral_head_right.nii.gz,231,170,231,1,12752.0,5144.0,0.0,12752.0,17896.0,0.8321587052988776,0.7125614662494412,0.7125614662494412,1.0,5144.0,0.40338770388958595
s0104,left,.data/SlicerScenes/s0104/femur_left.nii.gz-Necro_L-label.nii.gz,.data/Totalsegmentator_dataset/s0104/label_femoral_head_left.nii.gz,295,295,202,1,4758.0,104.0,3165.0,7923.0,4862.0,0.7443097379741885,0.5927494705369378,0.9786096256684492,0.6005301022340023,3061.0,0.3863435567335605
s0104,right,.data/SlicerScenes/s0104/femur_right.nii.gz-Necro_R-label.nii.gz,.data/Totalsegmentator_dataset/s0104/label_femoral_head_right.nii.gz,295,295,202,1,5065.0,181.0,4220.0,9285.0,5246.0,0.6971302732090014,0.5350728924572153,0.965497521921464,0.5455035002692514,4039.0,0.43500269251480883
s0108,left,.data/SlicerScenes/s0108/femur_left.nii.gz-Necro_L-label.nii.gz,.data/Totalsegmentator_dataset/s0108/label_femoral_head_left.nii.gz,288,288,293,1,99.0,0.0,13979.0,14078.0,99.0,0.013966283416801862,0.007032248898991334,1.0,0.007032248898991334,13979.0,0.9929677511010087
s0108,right,.data/SlicerScenes/s0108/femur_right.nii.gz-Necro_R-label.nii.gz,.data/Totalsegmentator_dataset/s0108/label_femoral_head_right.nii.gz,288,288,293,1,13456.0,588.0,1503.0,14959.0,14044.0,0.9279040099300072,0.8655045989579984,0.958131586442609,0.8995253693428705,915.0,0.06116719032020857
s0109,left,.data/SlicerScenes/s0109/femur_left.nii.gz-Necro_L-label.nii.gz,.data/Totalsegmentator_dataset/s0109/label_femoral_head_left.nii.gz,303,252,303,1,12646.0,23.0,1413.0,14059.0,12669.0,0.9462735707871894,0.898025848601051,0.9981845449522456,0.8994949854185931,1390.0,0.0988690518529056
s0109,right,.data/SlicerScenes/s0109/femur_right.nii.gz-Necro_R-label.nii.gz,.data/Totalsegmentator_dataset/s0109/label_femoral_head_right.nii.gz,303,252,303,1,10894.0,56.0,1114.0,12008.0,10950.0,0.9490373725934315,0.9030172413793104,0.9948858447488584,0.9072285143237842,1058.0,0.08810792804796802
s0119,left,.data/SlicerScenes/s0119/femur_left.nii.gz-Necro_L-label.nii.gz,.data/Totalsegmentator_dataset/s0119/label_femoral_head_left.nii.gz,293,293,343,1,17445.0,10.0,1794.0,19239.0,17455.0,0.9508366490434403,0.9062808457582212,0.9994270982526496,0.906751910182442,1784.0,0.09272831228234316
s0119,right,.data/SlicerScenes/s0119/femur_right.nii.gz-Necro_R-label.nii.gz,.data/Totalsegmentator_dataset/s0119/label_femoral_head_right.nii.gz,293,293,343,1,16080.0,117.0,3338.0,19418.0,16197.0,0.9029903130703355,0.8231379575121577,0.9927764400814966,0.8280976413636831,3221.0,0.16587702132042434
s0120,left,.data/SlicerScenes/s0120/femur_left.nii.gz-Necro_L-label.nii.gz,.data/Totalsegmentator_dataset/s0120/label_femoral_head_left.nii.gz,261,254,355,1,13816.0,12.0,4025.0,17841.0,13828.0,0.8725251823549843,0.773875539125077,0.9991321955452704,0.7743960540328457,4013.0,0.22493133792948825
s0120,right,.data/SlicerScenes/s0120/femur_right.nii.gz-Necro_R-label.nii.gz,.data/Totalsegmentator_dataset/s0120/label_femoral_head_right.nii.gz,261,254,355,1,17074.0,887.0,156.0,17230.0,17961.0,0.9703617402176693,0.9424297621018932,0.9506152218696063,0.9909460243760883,731.0,0.04242600116076611
s0124,left,.data/SlicerScenes/s0124/femur_left.nii.gz-Necro_L-label.nii.gz,.data/Totalsegmentator_dataset/s0124/label_femoral_head_left.nii.gz,431,159,431,1,16606.0,320.0,952.0,17558.0,16926.0,0.9631133279201949,0.9288511019129656,0.9810941746425618,0.9457797015605423,632.0,0.03599498803964005
s0124,right,.data/SlicerScenes/s0124/femur_right.nii.gz-Necro_R-label.nii.gz,.data/Totalsegmentator_dataset/s0124/label_femoral_head_right.nii.gz,431,159,431,1,15146.0,494.0,819.0,15965.0,15640.0,0.9584559405157412,0.9202260161613707,0.9684143222506394,0.9487002818665832,325.0,0.020357031005324145
s0131,left,.data/SlicerScenes/s0131/femur_left.nii.gz-Necro_L-label.nii.gz,.data/Totalsegmentator_dataset/s0131/label_femoral_head_left.nii.gz,265,202,245,1,13874.0,1997.0,281.0,14155.0,15871.0,0.9241324185705722,0.8589648340762753,0.8741730199735367,0.9801483574708584,1716.0,0.1212292476156835
s0131,right,.data/SlicerScenes/s0131/femur_right.nii.gz-Necro_R-label.nii.gz,.data/Totalsegmentator_dataset/s0131/label_femoral_head_right.nii.gz,265,202,245,1,13053.0,897.0,1466.0,14519.0,13950.0,0.9169974358073694,0.8467176959003633,0.9356989247311828,0.8990288587368276,569.0,0.03919002686135409
s0133,left,.data/SlicerScenes/s0133/femur_left.nii.gz-Necro_L-label.nii.gz,.data/Totalsegmentator_dataset/s0133/label_femoral_head_left.nii.gz,307,307,301,1,17446.0,27.0,2449.0,19895.0,17473.0,0.9337400984799828,0.8757152896295552,0.9984547587706748,0.8769037446594622,2422.0,0.12173913043478261
s0133,right,.data/SlicerScenes/s0133/femur_right.nii.gz-Necro_R-label.nii.gz,.data/Totalsegmentator_dataset/s0133/label_femoral_head_right.nii.gz,307,307,301,1,18148.0,349.0,2432.0,20580.0,18497.0,0.9288328172582337,0.8671221749725262,0.9811320754716981,0.8818270165208941,2083.0,0.1012147716229349
s0137,left,.data/SlicerScenes/s0137/femur_left.nii.gz-Necro_L-label.nii.gz,.data/Totalsegmentator_dataset/s0137/label_femoral_head_left.nii.gz,247,247,265,1,9679.0,0.0,1958.0,11637.0,9679.0,0.9081441170951398,0.8317435765231589,1.0,0.8317435765231589,1958.0,0.1682564234768411
s0137,right,.data/SlicerScenes/s0137/femur_right.nii.gz-Necro_R-label.nii.gz,.data/Totalsegmentator_dataset/s0137/label_femoral_head_right.nii.gz,247,247,265,1,9824.0,8.0,2200.0,12024.0,9832.0,0.8989751098096632,0.8164893617021277,0.9991863303498779,0.8170326014637392,2192.0,0.1823020625415835
s0139,left,.data/SlicerScenes/s0139/femur_left.nii.gz-Necro_L-label.nii.gz,.data/Totalsegmentator_dataset/s0139/label_femoral_head_left.nii.gz,280,280,285,1,12852.0,164.0,1324.0,14176.0,13016.0,0.9452780229479258,0.896234309623431,0.98740012292563,0.9066027088036117,1160.0,0.08182844243792325
s0139,right,.data/SlicerScenes/s0139/femur_right.nii.gz-Necro_R-label.nii.gz,.data/Totalsegmentator_dataset/s0139/label_femoral_head_right.nii.gz,280,280,285,1,11836.0,0.0,2055.0,13891.0,11836.0,0.9201228281571889,0.8520624865020517,1.0,0.8520624865020517,2055.0,0.14793751349794831
s0141,left,.data/SlicerScenes/s0141/femur_left.nii.gz-Necro_L-label.nii.gz,.data/Totalsegmentator_dataset/s0141/label_femoral_head_left.nii.gz,406,168,406,1,9358.0,0.0,2938.0,12296.0,9358.0,0.8643206797820264,0.761060507482108,1.0,0.761060507482108,2938.0,0.238939492517892
s0141,right,.data/SlicerScenes/s0141/femur_right.nii.gz-Necro_R-label.nii.gz,.data/Totalsegmentator_dataset/s0141/label_femoral_head_right.nii.gz,406,168,406,1,8506.0,6.0,2163.0,10669.0,8512.0,0.8869193472707366,0.7968149882903981,0.9992951127819549,0.7972630986971599,2157.0,0.2021745243228044
s0143,left,.data/SlicerScenes/s0143/femur_left.nii.gz-Necro_L-label.nii.gz,.data/Totalsegmentator_dataset/s0143/label_femoral_head_left.nii.gz,279,166,267,1,14653.0,482.0,1211.0,15864.0,15135.0,0.9453853350108068,0.8964272604918635,0.9681532870829204,0.9236636409480585,729.0,0.04595310136157337
s0143,right,.data/SlicerScenes/s0143/femur_right.nii.gz-Necro_R-label.nii.gz,.data/Totalsegmentator_dataset/s0143/label_femoral_head_right.nii.gz,279,166,267,1,163.0,0.0,13838.0,14001.0,163.0,0.02301609714769839,0.011642025569602171,1.0,0.011642025569602171,13838.0,0.9883579744303979
s0145,left,.data/SlicerScenes/s0145/femur_left.nii.gz-Necro_L-label.nii.gz,.data/Totalsegmentator_dataset/s0145/label_femoral_head_left.nii.gz,222,219,447,1,16908.0,10.0,2104.0,19012.0,16918.0,0.9411633732257166,0.8888655241299548,0.9994089135831659,0.8893330528087524,2094.0,0.11014096360193562
s0145,right,.data/SlicerScenes/s0145/femur_right.nii.gz-Necro_R-label.nii.gz,.data/Totalsegmentator_dataset/s0145/label_femoral_head_right.nii.gz,222,219,447,1,16918.0,1.0,3795.0,20713.0,16919.0,0.8991284013605442,0.8167422998937917,0.9999408948519416,0.8167817312798725,3794.0,0.18316998986143967
s0150,left,.data/SlicerScenes/s0150/femur_left.nii.gz-Necro_L-label.nii.gz,.data/Totalsegmentator_dataset/s0150/label_femoral_head_left.nii.gz,247,247,296,1,10000.0,55.0,1757.0,11757.0,10055.0,0.9169264624977077,0.8465966813410092,0.9945300845350572,0.8505571149102662,1702.0,0.1447648209577273
s0150,right,.data/SlicerScenes/s0150/femur_right.nii.gz-Necro_R-label.nii.gz,.data/Totalsegmentator_dataset/s0150/label_femoral_head_right.nii.gz,247,247,296,1,11052.0,604.0,552.0,11604.0,11656.0,0.9503009458297507,0.9053079947575361,0.9481811942347289,0.9524301964839711,52.0,0.0044812133746983795
